{"cameraMode":{"drawMode":0,"name":"Shaded","section":"Shading Mode"},"sceneLighting":false,"audioPlay":false,"sceneViewState":{"m_AlwaysRefresh":false,"showFog":true,"showSkybox":false,"showFlares":true,"showImageEffects":true,"showParticleSystems":true,"showVisualEffectGraphs":true,"m_FxEnabled":true},"in2DMode":false,"pivot":{"x":13.554545402526856,"y":1.3128092288970948,"z":11.001100540161133},"rotation":{"x":-0.010920177213847638,"y":-0.9691454172134399,"z":0.04364041984081268,"w":-0.2424127459526062},"size":1.300571084022522,"orthographic":false}