{"cameraMode":{"drawMode":0,"name":"Shaded","section":"Shading Mode"},"sceneLighting":false,"audioPlay":false,"sceneViewState":{"m_AlwaysRefresh":false,"showFog":true,"showSkybox":false,"showFlares":true,"showImageEffects":true,"showParticleSystems":true,"showVisualEffectGraphs":true,"m_FxEnabled":true},"in2DMode":false,"pivot":{"x":-2.6956820487976076,"y":0.39653003215789797,"z":2.6612720489501955},"rotation":{"x":-0.050920676440000537,"y":0.7917992472648621,"z":-0.06669001281261444,"w":-0.605059802532196},"size":2.348334789276123,"orthographic":false}