{"cameraMode":{"drawMode":0,"name":"Shaded","section":"Shading Mode"},"sceneLighting":false,"audioPlay":false,"sceneViewState":{"m_AlwaysRefresh":false,"showFog":true,"showSkybox":false,"showFlares":true,"showImageEffects":true,"showParticleSystems":true,"showVisualEffectGraphs":true,"m_FxEnabled":true},"in2DMode":false,"pivot":{"x":0.10043321549892426,"y":1.3698606491088868,"z":2.247300624847412},"rotation":{"x":0.012356149032711983,"y":-0.9863301515579224,"z":0.08752289414405823,"w":0.13940587639808656},"size":0.05270743370056152,"orthographic":false}